10,admin,src\songLib\10.mp3
1039,admin,src\songLib\1039.mp3
1040,admin,src\songLib\1040.mp3
1066,admin,src\songLib\1066.mp3
1069,admin,src\songLib\1069.mp3
1073,admin,src\songLib\1073.mp3
1075,admin,src\songLib\1075.mp3
1082,admin,src\songLib\1082.mp3
1083,admin,src\songLib\1083.mp3
1087,admin,src\songLib\1087.mp3
1102,halverson,src\songLib\1102.mp3
1193,admin,src\songLib\1193.mp3
1195,admin,src\songLib\1195.mp3
1196,admin,src\songLib\1196.mp3
1197,admin,src\songLib\1197.mp3
1249,admin,src\songLib\1249.mp3
1259,admin,src\songLib\1259.mp3
1277,admin,src\songLib\1277.mp3
1278,admin,src\songLib\1278.mp3
140,admin,src\songLib\140.mp3
141,admin,src\songLib\141.mp3
1417,admin,src\songLib\1417.mp3
1427,admin,src\songLib\1427.mp3
1443,admin,src\songLib\1443.mp3
148,admin,src\songLib\148.mp3
1482,admin,src\songLib\1482.mp3
1510,admin,src\songLib\1510.mp3
1544,admin,src\songLib\1544.mp3
1642,admin,src\songLib\1642.mp3
1644,admin,src\songLib\1644.mp3
1649,admin,src\songLib\1649.mp3
1661,admin,src\songLib\1661.mp3
1663,admin,src\songLib\1663.mp3
1666,admin,src\songLib\1666.mp3
1673,admin,src\songLib\1673.mp3
1680,admin,src\songLib\1680.mp3
1681,admin,src\songLib\1681.mp3
1682,admin,src\songLib\1682.mp3
1683,admin,src\songLib\1683.mp3
1684,admin,src\songLib\1684.mp3
1685,admin,src\songLib\1685.mp3
1686,admin,src\songLib\1686.mp3
1687,admin,src\songLib\1687.mp3
1688,admin,src\songLib\1688.mp3
1689,admin,src\songLib\1689.mp3
1701,admin,src\songLib\1701.mp3
1702,admin,src\songLib\1702.mp3
1703,admin,src\songLib\1703.mp3
1704,admin,src\songLib\1704.mp3
1706,admin,src\songLib\1706.mp3
1720,admin,src\songLib\1720.mp3
1732,admin,src\songLib\1732.mp3
1733,admin,src\songLib\1733.mp3
1735,admin,src\songLib\1735.mp3
1736,admin,src\songLib\1736.mp3
182,admin,src\songLib\182.mp3
1883,admin,src\songLib\1883.mp3
1891,admin,src\songLib\1891.mp3
1893,admin,src\songLib\1893.mp3
190,admin,src\songLib\190.mp3
1924,admin,src\songLib\1924.mp3
1925,admin,src\songLib\1925.mp3
1929,admin,src\songLib\1929.mp3
193,admin,src\songLib\193.mp3
1930,admin,src\songLib\1930.mp3
194,admin,src\songLib\194.mp3
197,admin,src\songLib\197.mp3
2,admin,src\songLib\2.mp3
200,admin,src\songLib\200.mp3
2012,admin,src\songLib\2012.mp3
203,admin,src\songLib\203.mp3
204,admin,src\songLib\204.mp3
207,admin,src\songLib\207.mp3
2096,admin,src\songLib\2096.mp3
2097,admin,src\songLib\2097.mp3
2099,admin,src\songLib\2099.mp3
210,admin,src\songLib\210.mp3
211,admin,src\songLib\211.mp3
212,admin,src\songLib\212.mp3
213,admin,src\songLib\213.mp3
255,admin,src\songLib\255.mp3
256,admin,src\songLib\256.mp3
3263,admin,src\songLib\3263.mp3
3264,admin,src\songLib\3264.mp3
3265,admin,src\songLib\3265.mp3
3266,admin,src\songLib\3266.mp3
3270,admin,src\songLib\3270.mp3
3271,admin,src\songLib\3271.mp3
3272,admin,src\songLib\3272.mp3
3273,admin,src\songLib\3273.mp3
3274,admin,src\songLib\3274.mp3
3492,admin,src\songLib\3492.mp3
3532,admin,src\songLib\3532.mp3
3533,admin,src\songLib\3533.mp3
3534,admin,src\songLib\3534.mp3
3535,admin,src\songLib\3535.mp3
3537,admin,src\songLib\3537.mp3
3538,admin,src\songLib\3538.mp3
3573,admin,src\songLib\3573.mp3
3598,admin,src\songLib\3598.mp3
3624,admin,src\songLib\3624.mp3
368,admin,src\songLib\368.mp3
3707,admin,src\songLib\3707.mp3
3708,admin,src\songLib\3708.mp3
3720,admin,src\songLib\3720.mp3
3721,admin,src\songLib\3721.mp3
3722,admin,src\songLib\3722.mp3
3724,admin,src\songLib\3724.mp3
3725,admin,src\songLib\3725.mp3
3761,admin,src\songLib\3761.mp3
3762,admin,src\songLib\3762.mp3
3763,admin,src\songLib\3763.mp3
3765,admin,src\songLib\3765.mp3
3766,admin,src\songLib\3766.mp3
3775,admin,src\songLib\3775.mp3
3776,admin,src\songLib\3776.mp3
3777,admin,src\songLib\3777.mp3
3778,admin,src\songLib\3778.mp3
3779,admin,src\songLib\3779.mp3
3832,admin,src\songLib\3832.mp3
3833,admin,src\songLib\3833.mp3
3840,admin,src\songLib\3840.mp3
3880,admin,src\songLib\3880.mp3
3895,metrofolk,src\songLib\3895.mp3
3896,metrofolk,src\songLib\3896.mp3
3904,admin,src\songLib\3904.mp3
3905,admin,src\songLib\3905.mp3
3906,admin,src\songLib\3906.mp3
3908,admin,src\songLib\3908.mp3
3909,admin,src\songLib\3909.mp3
3910,admin,src\songLib\3910.mp3
3911,admin,src\songLib\3911.mp3
3912,admin,src\songLib\3912.mp3
3913,admin,src\songLib\3913.mp3
3920,admin,src\songLib\3920.mp3
3921,admin,src\songLib\3921.mp3
3950,admin,src\songLib\3950.mp3
4013,admin,src\songLib\4013.mp3
4017,admin,src\songLib\4017.mp3
4022,admin,src\songLib\4022.mp3
4037,admin,src\songLib\4037.mp3
4066,admin,src\songLib\4066.mp3
4067,admin,src\songLib\4067.mp3
4068,admin,src\songLib\4068.mp3
4069,admin,src\songLib\4069.mp3
4070,admin,src\songLib\4070.mp3
4071,admin,src\songLib\4071.mp3
4072,admin,src\songLib\4072.mp3
4073,admin,src\songLib\4073.mp3
4074,admin,src\songLib\4074.mp3
4075,admin,src\songLib\4075.mp3
4076,admin,src\songLib\4076.mp3
4077,admin,src\songLib\4077.mp3
4078,admin,src\songLib\4078.mp3
4079,admin,src\songLib\4079.mp3
4080,admin,src\songLib\4080.mp3
4091,admin,src\songLib\4091.mp3
4092,admin,src\songLib\4092.mp3
4093,admin,src\songLib\4093.mp3
4094,admin,src\songLib\4094.mp3
4095,admin,src\songLib\4095.mp3
4096,admin,src\songLib\4096.mp3
4097,admin,src\songLib\4097.mp3
4098,admin,src\songLib\4098.mp3
4099,admin,src\songLib\4099.mp3
4100,admin,src\songLib\4100.mp3
4101,admin,src\songLib\4101.mp3
4102,admin,src\songLib\4102.mp3
4103,admin,src\songLib\4103.mp3
4108,admin,src\songLib\4108.mp3
4232,admin,src\songLib\4232.mp3
4233,admin,src\songLib\4233.mp3
4234,admin,src\songLib\4234.mp3
4235,admin,src\songLib\4235.mp3
4236,admin,src\songLib\4236.mp3
4239,admin,src\songLib\4239.mp3
424,admin,src\songLib\424.mp3
4450,admin,src\songLib\4450.mp3
4507,admin,src\songLib\4507.mp3
4508,admin,src\songLib\4508.mp3
4509,admin,src\songLib\4509.mp3
4510,admin,src\songLib\4510.mp3
4511,admin,src\songLib\4511.mp3
4519,admin,src\songLib\4519.mp3
4520,admin,src\songLib\4520.mp3
4521,admin,src\songLib\4521.mp3
4522,admin,src\songLib\4522.mp3
459,admin,src\songLib\459.mp3
4682,admin,src\songLib\4682.mp3
4684,admin,src\songLib\4684.mp3
4685,admin,src\songLib\4685.mp3
4688,admin,src\songLib\4688.mp3
4777,admin,src\songLib\4777.mp3
4778,admin,src\songLib\4778.mp3
4779,admin,src\songLib\4779.mp3
4780,admin,src\songLib\4780.mp3
4781,admin,src\songLib\4781.mp3
4782,admin,src\songLib\4782.mp3
4784,admin,src\songLib\4784.mp3
4785,admin,src\songLib\4785.mp3
4786,admin,src\songLib\4786.mp3
4787,admin,src\songLib\4787.mp3
4788,admin,src\songLib\4788.mp3
4799,admin,src\songLib\4799.mp3
4835,admin,src\songLib\4835.mp3
4836,admin,src\songLib\4836.mp3
4838,admin,src\songLib\4838.mp3
4846,admin,src\songLib\4846.mp3
4848,admin,src\songLib\4848.mp3
4849,admin,src\songLib\4849.mp3
5,admin,src\songLib\5.mp3
5006,admin,src\songLib\5006.mp3
5156,admin,src\songLib\5156.mp3
5157,admin,src\songLib\5157.mp3
5158,admin,src\songLib\5158.mp3
5159,admin,src\songLib\5159.mp3
5169,admin,src\songLib\5169.mp3
5170,admin,src\songLib\5170.mp3
5171,admin,src\songLib\5171.mp3
5191,admin,src\songLib\5191.mp3
5264,admin,src\songLib\5264.mp3
5268,admin,src\songLib\5268.mp3
5376,halverson,src\songLib\5376.mp3
5381,admin,src\songLib\5381.mp3
5521,admin,src\songLib\5521.mp3
574,admin,src\songLib\574.mp3
5879,admin,src\songLib\5879.mp3
5940,admin,src\songLib\5940.mp3
602,admin,src\songLib\602.mp3
615,admin,src\songLib\615.mp3
620,admin,src\songLib\620.mp3
621,admin,src\songLib\621.mp3
625,admin,src\songLib\625.mp3
666,admin,src\songLib\666.mp3
667,admin,src\songLib\667.mp3
676,admin,src\songLib\676.mp3
690,admin,src\songLib\690.mp3
694,admin,src\songLib\694.mp3
695,admin,src\songLib\695.mp3
704,admin,src\songLib\704.mp3
705,admin,src\songLib\705.mp3
706,admin,src\songLib\706.mp3
707,admin,src\songLib\707.mp3
708,admin,src\songLib\708.mp3
709,admin,src\songLib\709.mp3
710,admin,src\songLib\710.mp3
714,admin,src\songLib\714.mp3
715,admin,src\songLib\715.mp3
716,admin,src\songLib\716.mp3
718,admin,src\songLib\718.mp3
777,admin,src\songLib\777.mp3
814,admin,src\songLib\814.mp3
821,admin,src\songLib\821.mp3
822,admin,src\songLib\822.mp3
825,admin,src\songLib\825.mp3
853,admin,src\songLib\853.mp3
890,admin,src\songLib\890.mp3
892,admin,src\songLib\892.mp3
897,admin,src\songLib\897.mp3
993,admin,src\songLib\993.mp3
995,admin,src\songLib\995.mp3
997,admin,src\songLib\997.mp3
998,admin,src\songLib\998.mp3
